Model,target,r2,mae,mse
ANN,angle_mie,0.9890195272839062,0.09716252696955888,0.017135754710278357
ANN,length_mie,0.9908954508837149,3.7677353760940737,24.780955102929482
ANN,angle_shadow,0.9828165783934615,0.1257848341708517,0.024507007809965266
ANN,length_shadow,0.9913228676178171,3.791411663034301,25.44463724762264
