model,overall_r2,overall_mae,overall_mse
KNN,0.9987931885032422,0.7405878480235586,2.198587793779655
GradientBoosting,0.9948569121926216,0.4812151501084265,0.7828124106935661
DecisionTree,0.9936313255646252,1.1068067989371921,4.15507804427094
SVR,0.9883170231020391,1.2921335074022509,17.127822316375344
RandomForest,0.9829888444561335,2.207116704715677,20.73002635079944
LinearRegression,0.8340751221952759,4.779483339758447,78.29150867648933
